cycle	pf_1000	pf_3001	pf_5002	pf_7003	pf_9004	pf_11005	pf_13006	pf_15007	pf_17008	pf_19009	z1_mean	z1_sd	a1_mean	a1_sd	fitness_mean	fitness_sd
10	0.538	0.565	0.584	0.479	0.524	0.411	0.591	0.483	0.547	0.502	1.03876	4.25548	0.896	4.12786	1.06025	0.0198584
20	0.456	0.547	0.519	0.436	0.487	0.437	0.614	0.468	0.524	0.454	-0.294159	4.61534	-0.232	4.41284	1.05817	0.0207358
30	0.554	0.515	0.5	0.406	0.42	0.468	0.613	0.436	0.578	0.433	-0.315677	4.57443	-0.308	4.43808	1.05939	0.0204127
40	0.535	0.593	0.483	0.422	0.432	0.54	0.552	0.355	0.603	0.354	-0.604978	4.49613	-0.524	4.25507	1.05891	0.0206953
50	0.469	0.49	0.449	0.374	0.422	0.471	0.634	0.323	0.571	0.302	-2.19636	4.70142	-1.98	4.49176	1.05455	0.0227515
60	0.526	0.404	0.411	0.427	0.426	0.488	0.597	0.258	0.62	0.409	-1.9201	4.68567	-1.736	4.45263	1.0559	0.0221635
70	0.542	0.455	0.353	0.319	0.47	0.501	0.532	0.3	0.608	0.352	-2.56481	4.22189	-2.272	4.1425	1.05637	0.0215079
80	0.519	0.442	0.355	0.369	0.508	0.503	0.601	0.294	0.596	0.381	-1.95861	4.45818	-1.728	4.2476	1.05782	0.0218882
90	0.562	0.406	0.394	0.395	0.514	0.504	0.58	0.275	0.611	0.429	-1.43324	4.67292	-1.32	4.52311	1.0561	0.0212546
100	0.535	0.413	0.448	0.438	0.42	0.499	0.579	0.364	0.632	0.363	-1.43739	4.637	-1.236	4.38803	1.05723	0.0221016
110	0.589	0.443	0.57	0.482	0.391	0.446	0.487	0.364	0.596	0.367	-1.18133	4.42734	-1.06	4.26436	1.05922	0.0206001
120	0.548	0.521	0.496	0.525	0.399	0.482	0.505	0.291	0.561	0.293	-1.63521	4.29341	-1.516	4.12405	1.05831	0.020478
130	0.524	0.49	0.44	0.584	0.328	0.523	0.544	0.334	0.523	0.208	-2.07234	4.50203	-2.008	4.3605	1.05631	0.0222541
140	0.546	0.419	0.415	0.577	0.272	0.48	0.568	0.411	0.56	0.224	-2.36626	4.4618	-2.112	4.32954	1.05565	0.0222843
150	0.54	0.481	0.325	0.572	0.259	0.458	0.53	0.376	0.513	0.23	-3.21563	4.41863	-2.864	4.27575	1.05288	0.0229988
160	0.564	0.49	0.314	0.573	0.294	0.367	0.416	0.43	0.443	0.26	-3.79261	4.5251	-3.396	4.38927	1.05133	0.0252868
170	0.541	0.475	0.309	0.581	0.238	0.36	0.407	0.445	0.415	0.263	-4.24512	4.71845	-3.864	4.45659	1.04783	0.0250757
180	0.572	0.519	0.306	0.555	0.239	0.315	0.423	0.445	0.373	0.276	-4.28454	4.55241	-3.908	4.39524	1.04834	0.0253905
190	0.614	0.486	0.278	0.57	0.242	0.354	0.528	0.478	0.383	0.304	-3.40915	4.39362	-3.052	4.19625	1.05358	0.0241074
200	0.654	0.441	0.268	0.64	0.272	0.404	0.566	0.44	0.416	0.327	-2.48468	4.36587	-2.288	4.0947	1.05584	0.0217233
210	0.571	0.495	0.251	0.695	0.325	0.398	0.622	0.469	0.437	0.282	-1.98359	4.29753	-1.82	4.16007	1.05743	0.0208433
220	0.555	0.523	0.214	0.732	0.285	0.402	0.624	0.471	0.478	0.268	-2.00577	4.26661	-1.792	4.09564	1.05813	0.0217415
230	0.618	0.639	0.235	0.626	0.248	0.375	0.676	0.44	0.491	0.307	-1.50153	4.27796	-1.38	4.05073	1.05967	0.0207627
240	0.65	0.671	0.257	0.623	0.24	0.388	0.65	0.421	0.594	0.32	-0.843835	4.30345	-0.744	4.11343	1.06017	0.0200382
250	0.593	0.607	0.263	0.639	0.269	0.294	0.718	0.367	0.643	0.337	-1.16222	4.28063	-1.08	4.21297	1.05921	0.0197237
260	0.473	0.696	0.288	0.605	0.346	0.405	0.763	0.457	0.575	0.328	-0.269791	4.50732	-0.256	4.35113	1.0592	0.0202941
270	0.516	0.74	0.374	0.632	0.356	0.471	0.729	0.493	0.476	0.29	0.398172	4.3436	0.308	4.18906	1.06013	0.0197022
280	0.506	0.73	0.432	0.585	0.326	0.436	0.639	0.506	0.407	0.263	-0.809468	4.32941	-0.68	4.24519	1.05935	0.0197596
290	0.504	0.711	0.484	0.589	0.325	0.504	0.643	0.499	0.407	0.221	-0.494357	4.51045	-0.452	4.36369	1.05888	0.0203873
300	0.569	0.693	0.521	0.541	0.321	0.522	0.646	0.491	0.433	0.246	-0.13416	4.39731	-0.068	4.24162	1.06004	0.0201103
310	0.508	0.671	0.607	0.54	0.318	0.529	0.653	0.494	0.476	0.227	0.169976	4.53325	0.092	4.38063	1.05905	0.020169
320	0.527	0.713	0.64	0.481	0.338	0.551	0.737	0.384	0.451	0.242	0.34098	4.33125	0.256	4.19161	1.06028	0.0200067
330	0.565	0.743	0.611	0.443	0.286	0.432	0.761	0.435	0.456	0.222	-0.272576	4.41028	-0.184	4.32522	1.05945	0.0197689
340	0.643	0.681	0.551	0.452	0.276	0.417	0.803	0.516	0.483	0.219	0.218323	4.2842	0.164	4.13368	1.06056	0.019251
350	0.657	0.731	0.684	0.446	0.266	0.465	0.776	0.486	0.436	0.194	0.642432	4.33503	0.564	4.1642	1.06039	0.0202937
360	0.629	0.72	0.722	0.415	0.206	0.522	0.753	0.417	0.381	0.14	-0.354466	4.27448	-0.38	4.1485	1.06071	0.0196857
370	0.684	0.735	0.689	0.395	0.194	0.602	0.798	0.412	0.362	0.146	0.114616	4.31809	0.068	4.1189	1.0611	0.0200445
380	0.716	0.667	0.696	0.445	0.168	0.574	0.764	0.424	0.347	0.108	-0.423543	4.14651	-0.364	4.05616	1.06175	0.0189725
390	0.778	0.69	0.668	0.41	0.15	0.596	0.784	0.431	0.319	0.121	-0.197832	4.24396	-0.212	4.00339	1.06069	0.0192827
400	0.823	0.748	0.726	0.399	0.142	0.679	0.797	0.452	0.366	0.098	1.08505	4.32159	0.92	4.12646	1.05904	0.0200136
410	0.805	0.759	0.734	0.415	0.117	0.705	0.813	0.469	0.348	0.051	0.900573	3.83294	0.864	3.68791	1.06283	0.0182667
420	0.793	0.679	0.78	0.45	0.193	0.686	0.818	0.44	0.354	0.064	1.15761	3.94559	1.028	3.76345	1.06163	0.0188598
430	0.752	0.656	0.744	0.513	0.202	0.65	0.775	0.411	0.328	0.038	0.340823	3.91209	0.276	3.80431	1.06247	0.0180162
440	0.737	0.583	0.742	0.439	0.23	0.679	0.839	0.453	0.384	0.019	0.528572	4.15725	0.42	4.05469	1.06117	0.019319
450	0.725	0.617	0.649	0.544	0.225	0.733	0.897	0.439	0.373	0.016	0.994385	3.82063	0.872	3.7185	1.06221	0.0176525
460	0.815	0.563	0.64	0.579	0.163	0.568	0.92	0.442	0.369	0.0	0.321274	4.02721	0.236	3.88619	1.06233	0.018916
470	0.817	0.562	0.667	0.568	0.151	0.57	0.93	0.391	0.396	0.0	0.245958	3.82048	0.208	3.71596	1.06339	0.0177543
480	0.882	0.58	0.613	0.634	0.175	0.575	0.933	0.439	0.386	0.0	1.02158	3.90416	0.868	3.72267	1.06226	0.0183988
490	0.875	0.548	0.611	0.576	0.19	0.55	0.944	0.424	0.386	0.0	0.472561	3.93447	0.416	3.77988	1.06251	0.0180785
500	0.846	0.495	0.586	0.571	0.335	0.467	0.916	0.407	0.352	0.0	-0.0560875	3.98868	-0.1	3.90442	1.06267	0.0186069
510	0.839	0.449	0.57	0.59	0.38	0.462	0.933	0.419	0.326	0.0	-0.0979916	4.01757	-0.128	3.89435	1.0616	0.0178295
520	0.872	0.412	0.536	0.559	0.521	0.429	0.933	0.388	0.291	0.0	-0.238721	3.83114	-0.236	3.71536	1.06317	0.0172711
530	0.848	0.448	0.503	0.566	0.503	0.53	0.912	0.427	0.287	0.0	0.0804164	4.09766	0.096	3.99684	1.06203	0.0190226
540	0.852	0.448	0.477	0.496	0.489	0.579	0.916	0.372	0.286	0.0	-0.271712	3.82106	-0.34	3.72668	1.06337	0.017431
550	0.8	0.526	0.522	0.511	0.419	0.703	0.925	0.371	0.241	0.0	0.000982274	4.05185	0.072	3.80207	1.06163	0.0178127
560	0.771	0.484	0.495	0.561	0.439	0.76	0.932	0.347	0.247	0.0	0.262434	3.9971	0.144	3.80634	1.06223	0.0182749
570	0.736	0.403	0.521	0.493	0.45	0.811	0.919	0.351	0.192	0.0	-0.557295	3.94987	-0.496	3.75529	1.06267	0.0185918
580	0.808	0.403	0.467	0.383	0.468	0.822	0.912	0.267	0.234	0.0	-0.994368	3.8625	-0.944	3.72244	1.06247	0.0179662
590	0.808	0.416	0.534	0.325	0.529	0.873	0.933	0.312	0.236	0.0	-0.181221	3.72507	-0.136	3.50401	1.06408	0.0173088
600	0.855	0.422	0.51	0.285	0.55	0.891	0.872	0.283	0.216	0.0	-0.485898	3.76903	-0.464	3.59591	1.06344	0.0172519
610	0.892	0.401	0.561	0.294	0.513	0.86	0.884	0.317	0.226	0.0	-0.218163	3.669	-0.208	3.51418	1.06431	0.0169662
620	0.85	0.412	0.588	0.246	0.531	0.855	0.884	0.31	0.193	0.0	-0.609984	3.86511	-0.524	3.73327	1.06278	0.0178769
630	0.888	0.441	0.597	0.264	0.446	0.831	0.851	0.344	0.217	0.0	-0.610789	3.80714	-0.484	3.56302	1.06313	0.017516
640	0.882	0.478	0.601	0.246	0.435	0.811	0.845	0.32	0.237	0.0	-0.723223	3.78646	-0.58	3.53278	1.06333	0.0181289
650	0.911	0.474	0.517	0.204	0.46	0.76	0.832	0.303	0.198	0.0	-1.53455	3.95113	-1.364	3.73945	1.06062	0.0191341
660	0.958	0.422	0.512	0.251	0.412	0.791	0.854	0.222	0.204	0.0	-1.64384	4.05202	-1.496	3.8345	1.06018	0.0197052
670	0.983	0.567	0.515	0.3	0.425	0.863	0.803	0.301	0.222	0.0	-0.0616825	3.91267	-0.084	3.72622	1.06312	0.0178356
680	0.987	0.688	0.427	0.238	0.426	0.831	0.86	0.273	0.22	0.0	-0.182962	3.50576	-0.2	3.36789	1.06538	0.016127
690	0.977	0.655	0.442	0.227	0.398	0.772	0.844	0.284	0.196	0.0	-0.928637	3.81351	-0.82	3.64227	1.06283	0.0178917
700	0.989	0.757	0.455	0.207	0.401	0.749	0.853	0.23	0.151	0.0	-0.897021	3.68807	-0.832	3.48081	1.06318	0.0172208
710	0.993	0.728	0.423	0.167	0.39	0.742	0.932	0.252	0.147	0.0	-1.02363	3.2425	-0.904	3.01745	1.06594	0.0155024
720	0.995	0.719	0.452	0.204	0.406	0.823	0.921	0.297	0.107	0.0	-0.315294	3.49891	-0.304	3.31445	1.06498	0.0156952
730	0.972	0.743	0.455	0.187	0.409	0.872	0.865	0.227	0.104	0.0	-0.731421	3.41197	-0.664	3.1615	1.06506	0.0153617
740	0.984	0.744	0.439	0.11	0.383	0.904	0.907	0.233	0.1	0.0	-0.843112	3.23848	-0.784	3.10558	1.06624	0.0148606
750	0.987	0.781	0.463	0.079	0.333	0.941	0.967	0.224	0.069	0.0	-0.643317	3.11097	-0.624	2.90577	1.06752	0.0144123
760	1.0	0.795	0.463	0.069	0.27	0.934	0.976	0.284	0.064	0.0	-0.696449	3.08657	-0.58	2.81557	1.06764	0.0143781
770	1.0	0.837	0.401	0.042	0.252	0.951	0.985	0.223	0.056	0.0	-1.08369	2.78279	-1.012	2.59023	1.06843	0.0130944
780	1.0	0.86	0.398	0.061	0.135	0.966	0.989	0.218	0.062	0.0	-1.36151	2.75532	-1.244	2.55058	1.06767	0.0126654
790	1.0	0.833	0.339	0.044	0.144	0.953	0.976	0.182	0.038	0.0	-2.21302	2.71502	-1.964	2.4696	1.06483	0.0150322
800	1.0	0.895	0.348	0.068	0.203	0.983	0.993	0.209	0.036	0.0	-1.13777	2.6033	-1.06	2.36973	1.06905	0.0113114
810	1.0	0.911	0.318	0.103	0.216	0.989	0.988	0.196	0.047	0.0	-1.03958	2.73574	-0.928	2.51385	1.06862	0.0120095
820	1.0	0.939	0.3	0.079	0.251	0.989	0.987	0.183	0.071	0.0	-0.849737	2.6804	-0.804	2.44244	1.0694	0.0116497
830	1.0	0.958	0.291	0.129	0.212	0.995	0.991	0.145	0.039	0.0	-1.09662	2.52	-0.96	2.33952	1.06967	0.0109495
840	1.0	0.929	0.302	0.118	0.247	1.0	0.998	0.192	0.047	0.0	-0.771474	2.57248	-0.668	2.38771	1.07028	0.0113676
850	1.0	0.987	0.262	0.064	0.231	1.0	1.0	0.287	0.029	0.0	-0.607794	2.57338	-0.56	2.32577	1.07058	0.0110457
860	1.0	0.972	0.224	0.059	0.293	1.0	1.0	0.205	0.033	0.0	-1.00664	2.59401	-0.856	2.36272	1.06963	0.0116704
870	1.0	0.961	0.232	0.031	0.26	1.0	1.0	0.155	0.06	0.0	-1.27205	2.38896	-1.204	2.14092	1.06991	0.0107297
880	1.0	0.992	0.26	0.021	0.223	1.0	1.0	0.168	0.049	0.0	-1.34981	2.35175	-1.148	2.09257	1.06981	0.0104144
890	1.0	0.993	0.284	0.045	0.182	1.0	1.0	0.146	0.06	0.0	-1.30042	2.47302	-1.16	2.27172	1.06923	0.0106873
900	1.0	1.0	0.234	0.023	0.117	1.0	1.0	0.093	0.044	0.0	-2.09914	2.02506	-1.956	1.79234	1.06827	0.0107248
910	1.0	1.0	0.305	0.013	0.113	1.0	1.0	0.098	0.044	0.0	-1.93582	2.12605	-1.708	1.88729	1.06862	0.0107286
920	1.0	1.0	0.381	0.01	0.121	1.0	1.0	0.157	0.05	0.0	-1.25044	2.38053	-1.124	2.12831	1.06995	0.0101948
930	1.0	1.0	0.397	0.005	0.071	1.0	1.0	0.146	0.037	0.0	-1.55499	2.22253	-1.376	1.96427	1.06984	0.0105672
940	1.0	1.0	0.395	0.0	0.05	1.0	1.0	0.155	0.032	0.0	-1.61552	2.17853	-1.472	1.8805	1.06979	0.0103934
950	1.0	1.0	0.472	0.0	0.047	1.0	1.0	0.184	0.02	0.0	-1.16083	2.24373	-1.108	1.93593	1.07099	0.00949517
960	1.0	1.0	0.434	0.0	0.029	1.0	1.0	0.166	0.029	0.0	-1.47007	2.16305	-1.368	1.84374	1.07038	0.00972167
970	1.0	1.0	0.408	0.0	0.011	1.0	1.0	0.283	0.014	0.0	-1.26148	2.17603	-1.136	1.79219	1.07108	0.00958028
980	1.0	1.0	0.388	0.0	0.04	1.0	1.0	0.292	0.024	0.0	-1.22759	2.38209	-1.024	2.04739	1.07008	0.0104993
990	1.0	1.0	0.363	0.0	0.021	1.0	1.0	0.311	0.034	0.0	-1.26953	2.37593	-1.084	2.13778	1.07004	0.0107396
1000	1.0	1.0	0.38	0.0	0.018	1.0	1.0	0.291	0.067	0.0	-1.05515	2.3798	-0.976	2.08233	1.07053	0.0100551
1010	1.0	1.0	0.371	0.0	0.013	1.0	1.0	0.273	0.079	0.0	-1.24555	2.2377	-1.056	1.97095	1.07081	0.00986443
1020	1.0	1.0	0.33	0.0	0.016	1.0	1.0	0.209	0.051	0.0	-1.7941	2.26736	-1.576	1.99303	1.06847	0.0106902
1030	1.0	1.0	0.378	0.0	0.023	1.0	1.0	0.27	0.109	0.0	-1.04912	2.41992	-0.88	2.1398	1.0703	0.0101545
1040	1.0	1.0	0.337	0.0	0.029	1.0	1.0	0.221	0.154	0.0	-1.12678	2.22781	-1.036	1.99968	1.07125	0.00983536
1050	1.0	1.0	0.367	0.0	0.016	1.0	1.0	0.122	0.156	0.0	-1.50813	2.21986	-1.356	1.99631	1.06998	0.0103168
1060	1.0	1.0	0.367	0.0	0.021	1.0	1.0	0.159	0.139	0.0	-1.38719	2.21794	-1.256	2.01559	1.07037	0.00969359
1070	1.0	1.0	0.333	0.0	0.0	1.0	1.0	0.167	0.097	0.0	-1.77048	2.23308	-1.612	1.92063	1.06883	0.0107904
1080	1.0	1.0	0.434	0.0	0.0	1.0	1.0	0.191	0.07	0.0	-1.38766	2.20513	-1.22	1.9838	1.07048	0.00993144
1090	1.0	1.0	0.37	0.0	0.0	1.0	1.0	0.181	0.112	0.0	-1.51251	2.16193	-1.348	1.90319	1.07033	0.0103871
1100	1.0	1.0	0.42	0.0	0.0	1.0	1.0	0.271	0.124	0.0	-0.87273	2.26903	-0.74	2.09312	1.07154	0.00880645
1110	1.0	1.0	0.374	0.0	0.0	1.0	1.0	0.313	0.095	0.0	-1.05968	2.3326	-0.872	2.0708	1.07073	0.0095675
1120	1.0	1.0	0.303	0.0	0.0	1.0	1.0	0.253	0.125	0.0	-1.31372	2.1506	-1.276	1.90238	1.07099	0.00931382
1130	1.0	1.0	0.277	0.0	0.0	1.0	1.0	0.319	0.153	0.0	-1.08805	2.40642	-1.004	2.13192	1.07028	0.0101961
1140	1.0	1.0	0.317	0.0	0.0	1.0	1.0	0.298	0.11	0.0	-1.36986	2.30227	-1.1	2.05291	1.06999	0.0100876
1150	1.0	1.0	0.342	0.0	0.0	1.0	1.0	0.374	0.082	0.0	-0.797292	2.32541	-0.808	2.10428	1.07151	0.00966148
1160	1.0	1.0	0.346	0.0	0.0	1.0	1.0	0.51	0.048	0.0	-0.406672	2.37276	-0.384	2.12923	1.07175	0.00916384
1170	1.0	1.0	0.332	0.0	0.0	1.0	1.0	0.516	0.053	0.0	-0.38274	2.23622	-0.396	1.98066	1.07263	0.00872459
1180	1.0	1.0	0.286	0.0	0.0	1.0	1.0	0.525	0.024	0.0	-0.681492	2.31721	-0.66	2.02301	1.07174	0.00937456
1190	1.0	1.0	0.365	0.0	0.0	1.0	1.0	0.547	0.005	0.0	-0.341201	2.28647	-0.332	1.96813	1.07242	0.00913345
1200	1.0	1.0	0.379	0.0	0.0	1.0	1.0	0.529	0.007	0.0	-0.408533	2.30288	-0.34	2.05447	1.07217	0.00888334
1210	1.0	1.0	0.357	0.0	0.0	1.0	1.0	0.458	0.002	0.0	-0.833396	2.12791	-0.732	1.88661	1.07255	0.00892858
1220	1.0	1.0	0.411	0.0	0.0	1.0	1.0	0.463	0.002	0.0	-0.531672	2.21345	-0.496	1.9145	1.07252	0.00846852
1230	1.0	1.0	0.399	0.0	0.0	1.0	1.0	0.453	0.002	0.0	-0.639766	2.45383	-0.584	2.09086	1.071	0.0098352
1240	1.0	1.0	0.385	0.0	0.0	1.0	1.0	0.471	0.0	0.0	-0.56417	2.26614	-0.576	2.00706	1.07214	0.00850712
1250	1.0	1.0	0.375	0.0	0.0	1.0	1.0	0.432	0.0	0.0	-0.723254	2.37123	-0.772	2.06216	1.0713	0.00946564
1260	1.0	1.0	0.419	0.0	0.0	1.0	1.0	0.47	0.0	0.0	-0.429232	2.13346	-0.444	1.92933	1.07311	0.00795482
1270	1.0	1.0	0.418	0.0	0.0	1.0	1.0	0.524	0.0	0.0	-0.28085	2.23568	-0.232	1.96415	1.07266	0.00836738
1280	1.0	1.0	0.421	0.0	0.0	1.0	1.0	0.528	0.0	0.0	-0.243445	2.31831	-0.204	2.08785	1.07216	0.00846977
1290	1.0	1.0	0.463	0.0	0.0	1.0	1.0	0.502	0.0	0.0	-0.177237	2.33686	-0.14	2.04273	1.07222	0.00927129
1300	1.0	1.0	0.411	0.0	0.0	1.0	1.0	0.457	0.0	0.0	-0.560395	2.25763	-0.528	2.0003	1.07216	0.00835669
1310	1.0	1.0	0.392	0.0	0.0	1.0	1.0	0.391	0.0	0.0	-0.960629	2.23323	-0.868	1.9795	1.0716	0.00920433
1320	1.0	1.0	0.369	0.0	0.0	1.0	1.0	0.437	0.0	0.0	-0.860963	2.23831	-0.776	1.92177	1.07188	0.00939335
1330	1.0	1.0	0.342	0.0	0.0	1.0	1.0	0.459	0.0	0.0	-0.928432	2.14869	-0.796	1.97742	1.07212	0.00864435
1340	1.0	1.0	0.431	0.0	0.0	1.0	1.0	0.37	0.0	0.0	-0.884563	2.23856	-0.796	1.96522	1.07184	0.00958259
1350	1.0	1.0	0.429	0.0	0.0	1.0	1.0	0.445	0.0	0.0	-0.558573	2.28761	-0.504	2.0065	1.07207	0.00888051
1360	1.0	1.0	0.47	0.0	0.0	1.0	1.0	0.46	0.0	0.0	-0.366606	2.337	-0.28	2.04204	1.07202	0.00903897
1370	1.0	1.0	0.435	0.0	0.0	1.0	1.0	0.469	0.0	0.0	-0.475782	2.15044	-0.384	1.91517	1.073	0.00836733
1380	1.0	1.0	0.436	0.0	0.0	1.0	1.0	0.406	0.0	0.0	-0.805499	2.42946	-0.632	2.07683	1.07079	0.00972856
1390	1.0	1.0	0.453	0.0	0.0	1.0	1.0	0.391	0.0	0.0	-0.724627	2.23763	-0.624	2.00066	1.07208	0.0088948
1400	1.0	1.0	0.461	0.0	0.0	1.0	1.0	0.372	0.0	0.0	-0.719906	2.13859	-0.668	1.82879	1.07261	0.00818181
1410	1.0	1.0	0.508	0.0	0.0	1.0	1.0	0.394	0.0	0.0	-0.427139	2.19529	-0.392	1.93023	1.07274	0.00809957
1420	1.0	1.0	0.51	0.0	0.0	1.0	1.0	0.495	0.0	0.0	0.0121892	2.2559	0.02	2.02381	1.07264	0.0082707
1430	1.0	1.0	0.478	0.0	0.0	1.0	1.0	0.425	0.0	0.0	-0.4216	2.32631	-0.388	2.03808	1.07207	0.00920161
1440	1.0	1.0	0.486	0.0	0.0	1.0	1.0	0.541	0.0	0.0	0.110241	2.23379	0.108	1.9647	1.07277	0.00838392
1450	1.0	1.0	0.515	0.0	0.0	1.0	1.0	0.533	0.0	0.0	0.181723	2.2349	0.192	1.92316	1.07283	0.00887563
1460	1.0	1.0	0.542	0.0	0.0	1.0	1.0	0.615	0.0	0.0	0.569096	2.25568	0.628	1.96095	1.07221	0.00855608
1470	1.0	1.0	0.562	0.0	0.0	1.0	1.0	0.644	0.0	0.0	0.858517	2.16472	0.824	1.92677	1.07221	0.00869575
1480	1.0	1.0	0.445	0.0	0.0	1.0	1.0	0.651	0.0	0.0	0.47982	2.24114	0.384	1.98505	1.07246	0.00861628
1490	1.0	1.0	0.429	0.0	0.0	1.0	1.0	0.675	0.0	0.0	0.483324	2.03054	0.416	1.7825	1.07354	0.00717434
1500	1.0	1.0	0.362	0.0	0.0	1.0	1.0	0.638	0.0	0.0	0.0763177	2.2728	0.0	1.94101	1.07254	0.00836456
1510	1.0	1.0	0.337	0.0	0.0	1.0	1.0	0.611	0.0	0.0	-0.314734	2.13152	-0.208	1.91731	1.07321	0.0077813
1520	1.0	1.0	0.283	0.0	0.0	1.0	1.0	0.607	0.0	0.0	-0.525123	2.09905	-0.44	1.7722	1.07322	0.00817829
1530	1.0	1.0	0.369	0.0	0.0	1.0	1.0	0.57	0.0	0.0	-0.237066	2.22247	-0.244	1.98906	1.0728	0.00845453
1540	1.0	1.0	0.351	0.0	0.0	1.0	1.0	0.564	0.0	0.0	-0.461698	2.22273	-0.34	1.96268	1.07252	0.00819348
1550	1.0	1.0	0.299	0.0	0.0	1.0	1.0	0.64	0.0	0.0	-0.333933	2.12529	-0.244	1.86425	1.07327	0.00801754
1560	1.0	1.0	0.193	0.0	0.0	1.0	1.0	0.633	0.0	0.0	-0.832921	1.9793	-0.696	1.69272	1.07332	0.00816819
1570	1.0	1.0	0.172	0.0	0.0	1.0	1.0	0.647	0.0	0.0	-0.803305	1.96841	-0.724	1.70694	1.07335	0.00756066
1580	1.0	1.0	0.191	0.0	0.0	1.0	1.0	0.675	0.0	0.0	-0.606388	2.00725	-0.536	1.70837	1.07361	0.00810206
1590	1.0	1.0	0.179	0.0	0.0	1.0	1.0	0.715	0.0	0.0	-0.485984	1.8918	-0.424	1.61538	1.07429	0.00674952
1600	1.0	1.0	0.198	0.0	0.0	1.0	1.0	0.782	0.0	0.0	-0.0369155	2.05157	-0.08	1.67308	1.07381	0.00751704
1610	1.0	1.0	0.172	0.0	0.0	1.0	1.0	0.78	0.0	0.0	-0.192618	1.94156	-0.192	1.57991	1.07434	0.00712621
1620	1.0	1.0	0.208	0.0	0.0	1.0	1.0	0.767	0.0	0.0	-0.137042	1.94959	-0.1	1.63565	1.07433	0.00711307
1630	1.0	1.0	0.16	0.0	0.0	1.0	1.0	0.771	0.0	0.0	-0.271747	1.9529	-0.276	1.61028	1.07425	0.00718082
1640	1.0	1.0	0.179	0.0	0.0	1.0	1.0	0.762	0.0	0.0	-0.201799	1.9119	-0.236	1.59166	1.07452	0.00717953
1650	1.0	1.0	0.22	0.0	0.0	1.0	1.0	0.806	0.0	0.0	0.0777788	1.92494	0.104	1.5831	1.07448	0.00699949
1660	1.0	1.0	0.196	0.0	0.0	1.0	1.0	0.818	0.0	0.0	0.0878514	1.84509	0.056	1.52365	1.07485	0.00640187
1670	1.0	1.0	0.152	0.0	0.0	1.0	1.0	0.817	0.0	0.0	-0.0200196	1.849	-0.124	1.52751	1.07488	0.0067217
1680	1.0	1.0	0.145	0.0	0.0	1.0	1.0	0.8	0.0	0.0	-0.245894	1.8055	-0.22	1.48459	1.07495	0.00608982
1690	1.0	1.0	0.157	0.0	0.0	1.0	1.0	0.799	0.0	0.0	-0.182177	1.81322	-0.176	1.47695	1.07499	0.00641781
1700	1.0	1.0	0.164	0.0	0.0	1.0	1.0	0.869	0.0	0.0	0.181849	1.67516	0.132	1.41796	1.07565	0.00582592
1710	1.0	1.0	0.245	0.0	0.0	1.0	1.0	0.908	0.0	0.0	0.577948	1.76281	0.612	1.42742	1.07489	0.00694926
1720	1.0	1.0	0.199	0.0	0.0	1.0	1.0	0.894	0.0	0.0	0.39442	1.78685	0.372	1.39768	1.07494	0.00634094
1730	1.0	1.0	0.236	0.0	0.0	1.0	1.0	0.861	0.0	0.0	0.39692	1.84242	0.388	1.54085	1.07466	0.00660511
1740	1.0	1.0	0.183	0.0	0.0	1.0	1.0	0.887	0.0	0.0	0.3005	1.71755	0.28	1.38761	1.07537	0.00597399
1750	1.0	1.0	0.183	0.0	0.0	1.0	1.0	0.929	0.0	0.0	0.444381	1.60383	0.448	1.23708	1.07571	0.00542857
1760	1.0	1.0	0.192	0.0	0.0	1.0	1.0	0.955	0.0	0.0	0.68606	1.74035	0.588	1.29058	1.07479	0.00698312
1770	1.0	1.0	0.135	0.0	0.0	1.0	1.0	0.97	0.0	0.0	0.432678	1.47439	0.42	1.04008	1.0763	0.00495694
1780	1.0	1.0	0.108	0.0	0.0	1.0	1.0	0.97	0.0	0.0	0.390423	1.39648	0.312	0.996314	1.07671	0.00507868
1790	1.0	1.0	0.091	0.0	0.0	1.0	1.0	0.953	0.0	0.0	0.213662	1.42522	0.176	1.01345	1.0767	0.00449262
1800	1.0	1.0	0.09	0.0	0.0	1.0	1.0	0.95	0.0	0.0	0.162996	1.47831	0.16	1.0002	1.07654	0.00508978
1810	1.0	1.0	0.056	0.0	0.0	1.0	1.0	0.98	0.0	0.0	0.23627	1.31004	0.144	0.807818	1.07715	0.00417054
1820	1.0	1.0	0.038	0.0	0.0	1.0	1.0	0.951	0.0	0.0	-0.140486	1.29895	-0.044	0.804586	1.07723	0.00394873
1830	1.0	1.0	0.026	0.0	0.0	1.0	1.0	0.98	0.0	0.0	0.0750158	1.1714	0.024	0.606762	1.07771	0.00342448
1840	1.0	1.0	0.027	0.0	0.0	1.0	1.0	0.967	0.0	0.0	-0.076173	1.15574	-0.024	0.657487	1.07775	0.00304842
1850	1.0	1.0	0.024	0.0	0.0	1.0	1.0	0.981	0.0	0.0	0.0390438	1.27604	0.02	0.613476	1.07734	0.00377085
1860	1.0	1.0	0.012	0.0	0.0	1.0	1.0	0.961	0.0	0.0	-0.0867	1.255	-0.108	0.630183	1.0774	0.00353402
1870	1.0	1.0	0.021	0.0	0.0	1.0	1.0	0.983	0.0	0.0	-0.0237071	1.13892	0.016	0.566025	1.07782	0.00316572
1880	1.0	1.0	0.014	0.0	0.0	1.0	1.0	0.986	0.0	0.0	0.0349222	1.11585	0.0	0.47376	1.07787	0.00259647
1890	1.0	1.0	0.0	0.0	0.0	1.0	1.0	1.0	0.0	0.0	-0.02545	0.982585	0.0	0.0	1.07829	0.00206717
1900	1.0	1.0	0.0	0.0	0.0	1.0	1.0	1.0	0.0	0.0	0.0485753	1.07911	0.0	0.0	1.07799	0.00232823
1910	1.0	1.0	0.0	0.0	0.0	1.0	1.0	1.0	0.0	0.0	0.075495	1.09193	0.0	0.0	1.07794	0.00247002
1920	1.0	1.0	0.0	0.0	0.0	1.0	1.0	1.0	0.0	0.0	-0.0307087	1.02699	0.0	0.0	1.07816	0.00223698
1930	1.0	1.0	0.0	0.0	0.0	1.0	1.0	1.0	0.0	0.0	0.0370587	1.0256	0.0	0.0	1.07816	0.00226122
1940	1.0	1.0	0.0	0.0	0.0	1.0	1.0	1.0	0.0	0.0	0.025198	1.00429	0.0	0.0	1.07823	0.00210384
1950	1.0	1.0	0.0	0.0	0.0	1.0	1.0	1.0	0.0	0.0	-0.0207428	0.96716	0.0	0.0	1.07834	0.00215078
1960	1.0	1.0	0.0	0.0	0.0	1.0	1.0	1.0	0.0	0.0	-0.0259919	1.00585	0.0	0.0	1.07822	0.00212752
1970	1.0	1.0	0.0	0.0	0.0	1.0	1.0	1.0	0.0	0.0	-0.0841246	0.992436	0.0	0.0	1.07825	0.00201891
1980	1.0	1.0	0.0	0.0	0.0	1.0	1.0	1.0	0.0	0.0	0.0189407	1.01752	0.0	0.0	1.07819	0.00229678
1990	1.0	1.0	0.0	0.0	0.0	1.0	1.0	1.0	0.0	0.0	0.0783211	1.00505	0.0	0.0	1.07822	0.00219689
2000	1.0	1.0	0.0	0.0	0.0	1.0	1.0	1.0	0.0	0.0	0.0461619	0.993029	0.0	0.0	1.07826	0.00200108
2010	1.0	1.0	0.0	0.0	0.0	1.0	1.0	1.0	0.0	0.0	0.00909613	0.98764	0.0	0.0	1.07828	0.0020462
2020	1.0	1.0	0.0	0.0	0.0	1.0	1.0	1.0	0.0	0.0	0.0900493	0.948193	0.0	0.0	1.07838	0.00188698
2030	1.0	1.0	0.0	0.0	0.0	1.0	1.0	1.0	0.0	0.0	0.100121	1.04203	0.0	0.0	1.07809	0.00220393
2040	1.0	1.0	0.0	0.0	0.0	1.0	1.0	1.0	0.0	0.0	0.0251337	0.999733	0.0	0.0	1.07825	0.00224091
2050	1.0	1.0	0.0	0.0	0.0	1.0	1.0	1.0	0.0	0.0	-0.0756861	0.982985	0.0	0.0	1.07829	0.0021606
2060	1.0	1.0	0.0	0.0	0.0	1.0	1.0	1.0	0.0	0.0	0.0717502	0.995746	0.0	0.0	1.07825	0.00232106
2070	1.0	1.0	0.0	0.0	0.0	1.0	1.0	1.0	0.0	0.0	-0.015803	1.05575	0.0	0.0	1.07807	0.00246566
2080	1.0	1.0	0.0	0.0	0.0	1.0	1.0	1.0	0.0	0.0	0.0261834	1.06181	0.0	0.0	1.07805	0.00245946
2090	1.0	1.0	0.0	0.0	0.0	1.0	1.0	1.0	0.0	0.0	-0.00534614	1.00856	0.0	0.0	1.07821	0.00202834
2100	1.0	1.0	0.0	0.0	0.0	1.0	1.0	1.0	0.0	0.0	-0.0200779	0.988468	0.0	0.0	1.07828	0.00223614
2110	1.0	1.0	0.0	0.0	0.0	1.0	1.0	1.0	0.0	0.0	0.068973	1.00296	0.0	0.0	1.07823	0.00217206
2120	1.0	1.0	0.0	0.0	0.0	1.0	1.0	1.0	0.0	0.0	-0.0736034	0.997927	0.0	0.0	1.07824	0.00202599
2130	1.0	1.0	0.0	0.0	0.0	1.0	1.0	1.0	0.0	0.0	-0.00718506	1.02959	0.0	0.0	1.07815	0.00228478
2140	1.0	1.0	0.0	0.0	0.0	1.0	1.0	1.0	0.0	0.0	0.0953793	0.954169	0.0	0.0	1.07836	0.00197185
2150	1.0	1.0	0.0	0.0	0.0	1.0	1.0	1.0	0.0	0.0	-0.0124823	1.0053	0.0	0.0	1.07823	0.00214149
2160	1.0	1.0	0.0	0.0	0.0	1.0	1.0	1.0	0.0	0.0	-0.0636833	0.970201	0.0	0.0	1.07832	0.00190514
2170	1.0	1.0	0.0	0.0	0.0	1.0	1.0	1.0	0.0	0.0	0.116024	0.964995	0.0	0.0	1.07832	0.00199752
2180	1.0	1.0	0.0	0.0	0.0	1.0	1.0	1.0	0.0	0.0	0.0143973	1.0373	0.0	0.0	1.07813	0.00231278
2190	1.0	1.0	0.0	0.0	0.0	1.0	1.0	1.0	0.0	0.0	0.031406	0.920978	0.0	0.0	1.07847	0.00175433
2200	1.0	1.0	0.0	0.0	0.0	1.0	1.0	1.0	0.0	0.0	0.0404586	0.988895	0.0	0.0	1.07827	0.00186286
2210	1.0	1.0	0.0	0.0	0.0	1.0	1.0	1.0	0.0	0.0	-0.0583843	1.03295	0.0	0.0	1.07814	0.00234232
2220	1.0	1.0	0.0	0.0	0.0	1.0	1.0	1.0	0.0	0.0	0.181655	1.04538	0.0	0.0	1.07805	0.00225846
2230	1.0	1.0	0.0	0.0	0.0	1.0	1.0	1.0	0.0	0.0	0.122155	1.06971	0.0	0.0	1.07801	0.00252899
2240	1.0	1.0	0.0	0.0	0.0	1.0	1.0	1.0	0.0	0.0	-0.0454264	0.955566	0.0	0.0	1.07837	0.0020544
2250	1.0	1.0	0.0	0.0	0.0	1.0	1.0	1.0	0.0	0.0	0.0090747	1.00571	0.0	0.0	1.07822	0.00205103
2260	1.0	1.0	0.0	0.0	0.0	1.0	1.0	1.0	0.0	0.0	-0.0239008	1.0421	0.0	0.0	1.07811	0.00237192
2270	1.0	1.0	0.0	0.0	0.0	1.0	1.0	1.0	0.0	0.0	0.0201637	0.948188	0.0	0.0	1.07839	0.00177139
2280	1.0	1.0	0.0	0.0	0.0	1.0	1.0	1.0	0.0	0.0	-0.0387208	0.997338	0.0	0.0	1.07825	0.00209969
2290	1.0	1.0	0.0	0.0	0.0	1.0	1.0	1.0	0.0	0.0	-0.0359814	1.01386	0.0	0.0	1.0782	0.00217401
2300	1.0	1.0	0.0	0.0	0.0	1.0	1.0	1.0	0.0	0.0	-0.0458144	0.976867	0.0	0.0	1.0783	0.00181864
2310	1.0	1.0	0.0	0.0	0.0	1.0	1.0	1.0	0.0	0.0	-0.0217359	1.00027	0.0	0.0	1.07824	0.00224011
2320	1.0	1.0	0.0	0.0	0.0	1.0	1.0	1.0	0.0	0.0	0.0138887	1.03578	0.0	0.0	1.07813	0.0022116
2330	1.0	1.0	0.0	0.0	0.0	1.0	1.0	1.0	0.0	0.0	0.019711	1.07279	0.0	0.0	1.07802	0.00250189
2340	1.0	1.0	0.0	0.0	0.0	1.0	1.0	1.0	0.0	0.0	0.0506168	0.99295	0.0	0.0	1.07826	0.00207439
2350	1.0	1.0	0.0	0.0	0.0	1.0	1.0	1.0	0.0	0.0	-0.00803258	1.05346	0.0	0.0	1.07808	0.00254458
2360	1.0	1.0	0.0	0.0	0.0	1.0	1.0	1.0	0.0	0.0	-0.00651366	0.996295	0.0	0.0	1.07826	0.00220985
2370	1.0	1.0	0.0	0.0	0.0	1.0	1.0	1.0	0.0	0.0	-0.0139307	0.999319	0.0	0.0	1.07824	0.00195893
2380	1.0	1.0	0.0	0.0	0.0	1.0	1.0	1.0	0.0	0.0	-0.00845652	0.993693	0.0	0.0	1.07826	0.0021119
2390	1.0	1.0	0.0	0.0	0.0	1.0	1.0	1.0	0.0	0.0	-0.00213814	0.984574	0.0	0.0	1.07829	0.00211474
2400	1.0	1.0	0.0	0.0	0.0	1.0	1.0	1.0	0.0	0.0	-0.00905953	0.996179	0.0	0.0	1.07825	0.00202692
2410	1.0	1.0	0.0	0.0	0.0	1.0	1.0	1.0	0.0	0.0	0.0483138	1.00647	0.0	0.0	1.07822	0.00229088
2420	1.0	1.0	0.0	0.0	0.0	1.0	1.0	1.0	0.0	0.0	-0.0143519	1.01581	0.0	0.0	1.0782	0.00240036
2430	1.0	1.0	0.0	0.0	0.0	1.0	1.0	1.0	0.0	0.0	0.0654439	1.02161	0.0	0.0	1.07817	0.00231633
2440	1.0	1.0	0.0	0.0	0.0	1.0	1.0	1.0	0.0	0.0	0.00460555	0.969614	0.0	0.0	1.07833	0.00207952
2450	1.0	1.0	0.0	0.0	0.0	1.0	1.0	1.0	0.0	0.0	-0.00994931	1.03035	0.0	0.0	1.07815	0.00218445
2460	1.0	1.0	0.0	0.0	0.0	1.0	1.0	1.0	0.0	0.0	0.0343924	1.03172	0.0	0.0	1.07814	0.00218218
2470	1.0	1.0	0.0	0.0	0.0	1.0	1.0	1.0	0.0	0.0	0.0201452	1.03791	0.0	0.0	1.07813	0.00241331
2480	1.0	1.0	0.0	0.0	0.0	1.0	1.0	1.0	0.0	0.0	-0.0601683	1.0064	0.0	0.0	1.07821	0.00206193
2490	1.0	1.0	0.0	0.0	0.0	1.0	1.0	1.0	0.0	0.0	-0.0224554	0.947768	0.0	0.0	1.0784	0.00196621
2500	1.0	1.0	0.0	0.0	0.0	1.0	1.0	1.0	0.0	0.0	-0.0201613	1.01275	0.0	0.0	1.0782	0.00212942
2510	1.0	1.0	0.0	0.0	0.0	1.0	1.0	1.0	0.0	0.0	0.102594	1.01012	0.0	0.0	1.07819	0.00210322
2520	1.0	1.0	0.0	0.0	0.0	1.0	1.0	1.0	0.0	0.0	0.0177692	0.952243	0.0	0.0	1.07839	0.00205034
2530	1.0	1.0	0.0	0.0	0.0	1.0	1.0	1.0	0.0	0.0	0.0740679	1.00211	0.0	0.0	1.07822	0.00200923
2540	1.0	1.0	0.0	0.0	0.0	1.0	1.0	1.0	0.0	0.0	0.0794026	1.03052	0.0	0.0	1.07814	0.00229022
2550	1.0	1.0	0.0	0.0	0.0	1.0	1.0	1.0	0.0	0.0	-0.047305	0.961835	0.0	0.0	1.07835	0.00196767
2560	1.0	1.0	0.0	0.0	0.0	1.0	1.0	1.0	0.0	0.0	0.0720668	1.01496	0.0	0.0	1.07819	0.00214053
2570	1.0	1.0	0.0	0.0	0.0	1.0	1.0	1.0	0.0	0.0	0.0199842	1.01116	0.0	0.0	1.07821	0.00223784
2580	1.0	1.0	0.0	0.0	0.0	1.0	1.0	1.0	0.0	0.0	-0.0139925	0.989447	0.0	0.0	1.07827	0.00190269
2590	1.0	1.0	0.0	0.0	0.0	1.0	1.0	1.0	0.0	0.0	0.0388167	0.91836	0.0	0.0	1.07848	0.00180362
2600	1.0	1.0	0.0	0.0	0.0	1.0	1.0	1.0	0.0	0.0	0.0789942	0.961074	0.0	0.0	1.07834	0.00187302
2610	1.0	1.0	0.0	0.0	0.0	1.0	1.0	1.0	0.0	0.0	-0.0319569	1.03445	0.0	0.0	1.07813	0.00222159
2620	1.0	1.0	0.0	0.0	0.0	1.0	1.0	1.0	0.0	0.0	0.00906554	0.992144	0.0	0.0	1.07827	0.00237349
2630	1.0	1.0	0.0	0.0	0.0	1.0	1.0	1.0	0.0	0.0	0.0357719	0.981136	0.0	0.0	1.0783	0.00209701
2640	1.0	1.0	0.0	0.0	0.0	1.0	1.0	1.0	0.0	0.0	-0.0426782	1.02213	0.0	0.0	1.07817	0.00222382
2650	1.0	1.0	0.0	0.0	0.0	1.0	1.0	1.0	0.0	0.0	0.0518362	0.977273	0.0	0.0	1.0783	0.00195844
2660	1.0	1.0	0.0	0.0	0.0	1.0	1.0	1.0	0.0	0.0	0.0698533	1.05937	0.0	0.0	1.07805	0.00240268
2670	1.0	1.0	0.0	0.0	0.0	1.0	1.0	1.0	0.0	0.0	-0.0611038	0.991571	0.0	0.0	1.07826	0.00218824
2680	1.0	1.0	0.0	0.0	0.0	1.0	1.0	1.0	0.0	0.0	-0.00854306	1.00484	0.0	0.0	1.07823	0.00217189
2690	1.0	1.0	0.0	0.0	0.0	1.0	1.0	1.0	0.0	0.0	-0.118566	0.997635	0.0	0.0	1.07823	0.00212308
2700	1.0	1.0	0.0	0.0	0.0	1.0	1.0	1.0	0.0	0.0	-0.0755069	1.00242	0.0	0.0	1.07822	0.00208897
2710	1.0	1.0	0.0	0.0	0.0	1.0	1.0	1.0	0.0	0.0	0.00612363	1.0351	0.0	0.0	1.07814	0.00231096
2720	1.0	1.0	0.0	0.0	0.0	1.0	1.0	1.0	0.0	0.0	0.0689648	1.02565	0.0	0.0	1.07816	0.00223769
2730	1.0	1.0	0.0	0.0	0.0	1.0	1.0	1.0	0.0	0.0	0.0873709	1.00957	0.0	0.0	1.07822	0.00254019
2740	1.0	1.0	0.0	0.0	0.0	1.0	1.0	1.0	0.0	0.0	-0.064446	0.987013	0.0	0.0	1.07828	0.00214665
2750	1.0	1.0	0.0	0.0	0.0	1.0	1.0	1.0	0.0	0.0	-0.0381035	1.02037	0.0	0.0	1.07818	0.00223782
2760	1.0	1.0	0.0	0.0	0.0	1.0	1.0	1.0	0.0	0.0	0.0333801	1.0408	0.0	0.0	1.07812	0.00238254
2770	1.0	1.0	0.0	0.0	0.0	1.0	1.0	1.0	0.0	0.0	-0.0607285	0.996332	0.0	0.0	1.07825	0.00208086
2780	1.0	1.0	0.0	0.0	0.0	1.0	1.0	1.0	0.0	0.0	-0.0922863	0.935891	0.0	0.0	1.07841	0.00182753
2790	1.0	1.0	0.0	0.0	0.0	1.0	1.0	1.0	0.0	0.0	0.0307882	1.0189	0.0	0.0	1.07818	0.00210862
2800	1.0	1.0	0.0	0.0	0.0	1.0	1.0	1.0	0.0	0.0	0.0330327	0.979718	0.0	0.0	1.0783	0.00210098
2810	1.0	1.0	0.0	0.0	0.0	1.0	1.0	1.0	0.0	0.0	-0.0143816	0.981986	0.0	0.0	1.07829	0.00196815
2820	1.0	1.0	0.0	0.0	0.0	1.0	1.0	1.0	0.0	0.0	-0.00564851	0.993637	0.0	0.0	1.07826	0.0019005
2830	1.0	1.0	0.0	0.0	0.0	1.0	1.0	1.0	0.0	0.0	0.0303454	1.02819	0.0	0.0	1.07816	0.00229533
2840	1.0	1.0	0.0	0.0	0.0	1.0	1.0	1.0	0.0	0.0	0.0333164	1.00077	0.0	0.0	1.07824	0.00212648
2850	1.0	1.0	0.0	0.0	0.0	1.0	1.0	1.0	0.0	0.0	-0.0407018	1.01175	0.0	0.0	1.07821	0.00222349
2860	1.0	1.0	0.0	0.0	0.0	1.0	1.0	1.0	0.0	0.0	0.00850961	1.01418	0.0	0.0	1.07821	0.00237483
2870	1.0	1.0	0.0	0.0	0.0	1.0	1.0	1.0	0.0	0.0	0.165707	1.0315	0.0	0.0	1.0781	0.00227037
2880	1.0	1.0	0.0	0.0	0.0	1.0	1.0	1.0	0.0	0.0	-0.0719445	0.978344	0.0	0.0	1.0783	0.00202147
2890	1.0	1.0	0.0	0.0	0.0	1.0	1.0	1.0	0.0	0.0	0.0719019	1.00753	0.0	0.0	1.07821	0.0021925
2900	1.0	1.0	0.0	0.0	0.0	1.0	1.0	1.0	0.0	0.0	0.0278609	1.03052	0.0	0.0	1.07815	0.00234005
2910	1.0	1.0	0.0	0.0	0.0	1.0	1.0	1.0	0.0	0.0	0.0101165	0.997909	0.0	0.0	1.07825	0.00214747
2920	1.0	1.0	0.0	0.0	0.0	1.0	1.0	1.0	0.0	0.0	0.0540068	0.957655	0.0	0.0	1.07836	0.00195519
2930	1.0	1.0	0.0	0.0	0.0	1.0	1.0	1.0	0.0	0.0	-0.0201957	1.02744	0.0	0.0	1.07817	0.00245579
2940	1.0	1.0	0.0	0.0	0.0	1.0	1.0	1.0	0.0	0.0	-0.0095286	0.973723	0.0	0.0	1.07832	0.00188633
2950	1.0	1.0	0.0	0.0	0.0	1.0	1.0	1.0	0.0	0.0	-0.0100088	1.03005	0.0	0.0	1.07815	0.00215475
2960	1.0	1.0	0.0	0.0	0.0	1.0	1.0	1.0	0.0	0.0	0.0477245	0.990133	0.0	0.0	1.07826	0.00194916
2970	1.0	1.0	0.0	0.0	0.0	1.0	1.0	1.0	0.0	0.0	0.00960816	1.0535	0.0	0.0	1.07808	0.00229919
2980	1.0	1.0	0.0	0.0	0.0	1.0	1.0	1.0	0.0	0.0	0.0743967	0.960775	0.0	0.0	1.07835	0.00191647
2990	1.0	1.0	0.0	0.0	0.0	1.0	1.0	1.0	0.0	0.0	0.0423117	1.02323	0.0	0.0	1.07818	0.00248185
3000	1.0	1.0	0.0	0.0	0.0	1.0	1.0	1.0	0.0	0.0	0.00247677	1.01644	0.0	0.0	1.07819	0.00224571
